{"cameraMode":{"drawMode":0,"name":"Shaded","section":"Shading Mode"},"sceneLighting":true,"audioPlay":false,"sceneViewState":{"m_AlwaysRefresh":false,"showFog":true,"showSkybox":false,"showFlares":true,"showImageEffects":true,"showParticleSystems":true,"showVisualEffectGraphs":true,"m_FxEnabled":true},"in2DMode":false,"pivot":{"x":-1.6084117889404297,"y":1.8270277976989747,"z":-1.1903867721557618},"rotation":{"x":-0.24574145674705506,"y":0.40177959203720095,"z":-0.11285137385129929,"w":-0.8749013543128967},"size":4.166025161743164,"orthographic":false}