{"cameraMode":{"drawMode":0,"name":"Shaded","section":"Shading Mode"},"sceneLighting":true,"audioPlay":false,"sceneViewState":{"showFog":true,"showMaterialUpdate":false,"showSkybox":true,"showFlares":true,"showImageEffects":true,"showParticleSystems":true,"showVisualEffectGraphs":true,"m_FxEnabled":true},"in2DMode":false,"pivot":{"x":6.99003791809082,"y":3.4290659427642824,"z":-3.0870931148529054},"rotation":{"x":0.22975116968154908,"y":0.003795906435698271,"z":-0.0008960919221863151,"w":0.9732416272163391},"size":2.3256428241729738,"orthographic":false}