{"cameraMode":{"drawMode":0,"name":"Shaded","section":"Shading Mode"},"sceneLighting":false,"audioPlay":false,"sceneViewState":{"m_AlwaysRefresh":false,"showFog":true,"showSkybox":false,"showFlares":true,"showImageEffects":true,"showParticleSystems":true,"showVisualEffectGraphs":true,"m_FxEnabled":true},"in2DMode":false,"pivot":{"x":117.28451538085938,"y":3.881058692932129,"z":111.5227279663086},"rotation":{"x":0.01835002936422825,"y":0.4854556620121002,"z":-0.010209094732999802,"w":0.8740259408950806},"size":6.121105670928955,"orthographic":true}