{"cameraMode":{"drawMode":0,"name":"Shaded","section":"Shading Mode"},"sceneLighting":false,"audioPlay":false,"sceneViewState":{"m_AlwaysRefresh":false,"showFog":true,"showSkybox":false,"showFlares":true,"showImageEffects":true,"showParticleSystems":true,"showVisualEffectGraphs":true,"m_FxEnabled":true},"in2DMode":false,"pivot":{"x":115.39456939697266,"y":1.158109188079834,"z":102.57742309570313},"rotation":{"x":0.01835002936422825,"y":0.4854556620121002,"z":-0.010209094732999802,"w":0.8740259408950806},"size":2.337904214859009,"orthographic":true}