{"cameraMode":{"drawMode":0,"name":"Shaded","section":"Shading Mode"},"sceneLighting":false,"audioPlay":false,"sceneViewState":{"m_AlwaysRefresh":false,"showFog":true,"showSkybox":false,"showFlares":true,"showImageEffects":true,"showParticleSystems":true,"showVisualEffectGraphs":true,"m_FxEnabled":true},"in2DMode":false,"pivot":{"x":-0.39742445945739748,"y":1.9731459617614747,"z":-0.18839848041534425},"rotation":{"x":0.2297447919845581,"y":0.008178522810339928,"z":-0.0019306873437017203,"w":0.9732146263122559},"size":2.6384689807891847,"orthographic":false}